{
  "param":
  {
    "YOLOv3::layers.0.conv.weight":[[8,4]],
    "YOLOv3::layers.0.conv.bias":[[8,6]],
    "YOLOv3::layers.1.conv.weight":[[8,9]],
    "YOLOv3::layers.1.conv.bias":[[8,6]],
    "YOLOv3::layers.2.layers.0.0.conv.weight":[[8,7]],
    "YOLOv3::layers.2.layers.0.0.conv.bias":[[8,6]],
    "YOLOv3::layers.2.layers.0.1.conv.weight":[[8,8]],
    "YOLOv3::layers.2.layers.0.1.conv.bias":[[8,7]],
    "YOLOv3::layers.3.conv.weight":[[8,10]],
    "YOLOv3::layers.3.conv.bias":[[8,7]],
    "YOLOv3::layers.4.layers.0.0.conv.weight":[[8,8]],
    "YOLOv3::layers.4.layers.0.0.conv.bias":[[8,7]],
    "YOLOv3::layers.4.layers.0.1.conv.weight":[[8,9]],
    "YOLOv3::layers.4.layers.0.1.conv.bias":[[8,7]],
    "YOLOv3::layers.4.layers.1.0.conv.weight":[[8,8]],
    "YOLOv3::layers.4.layers.1.0.conv.bias":[[8,7]],
    "YOLOv3::layers.4.layers.1.1.conv.weight":[[8,8]],
    "YOLOv3::layers.4.layers.1.1.conv.bias":[[8,7]],
    "YOLOv3::layers.5.conv.weight":[[8,10]],
    "YOLOv3::layers.5.conv.bias":[[8,6]],
    "YOLOv3::layers.6.layers.0.0.conv.weight":[[8,8]],
    "YOLOv3::layers.6.layers.0.0.conv.bias":[[8,7]],
    "YOLOv3::layers.6.layers.0.1.conv.weight":[[8,9]],
    "YOLOv3::layers.6.layers.0.1.conv.bias":[[8,7]],
    "YOLOv3::layers.6.layers.1.0.conv.weight":[[8,9]],
    "YOLOv3::layers.6.layers.1.0.conv.bias":[[8,7]],
    "YOLOv3::layers.6.layers.1.1.conv.weight":[[8,9]],
    "YOLOv3::layers.6.layers.1.1.conv.bias":[[8,7]],
    "YOLOv3::layers.6.layers.2.0.conv.weight":[[8,9]],
    "YOLOv3::layers.6.layers.2.0.conv.bias":[[8,7]],
    "YOLOv3::layers.6.layers.2.1.conv.weight":[[8,9]],
    "YOLOv3::layers.6.layers.2.1.conv.bias":[[8,7]],
    "YOLOv3::layers.6.layers.3.0.conv.weight":[[8,9]],
    "YOLOv3::layers.6.layers.3.0.conv.bias":[[8,7]],
    "YOLOv3::layers.6.layers.3.1.conv.weight":[[8,8]],
    "YOLOv3::layers.6.layers.3.1.conv.bias":[[8,7]],
    "YOLOv3::layers.6.layers.4.0.conv.weight":[[8,9]],
    "YOLOv3::layers.6.layers.4.0.conv.bias":[[8,6]],
    "YOLOv3::layers.6.layers.4.1.conv.weight":[[8,8]],
    "YOLOv3::layers.6.layers.4.1.conv.bias":[[8,7]],
    "YOLOv3::layers.6.layers.5.0.conv.weight":[[8,9]],
    "YOLOv3::layers.6.layers.5.0.conv.bias":[[8,6]],
    "YOLOv3::layers.6.layers.5.1.conv.weight":[[8,8]],
    "YOLOv3::layers.6.layers.5.1.conv.bias":[[8,8]],
    "YOLOv3::layers.6.layers.6.0.conv.weight":[[8,9]],
    "YOLOv3::layers.6.layers.6.0.conv.bias":[[8,7]],
    "YOLOv3::layers.6.layers.6.1.conv.weight":[[8,8]],
    "YOLOv3::layers.6.layers.6.1.conv.bias":[[8,7]],
    "YOLOv3::layers.6.layers.7.0.conv.weight":[[8,9]],
    "YOLOv3::layers.6.layers.7.0.conv.bias":[[8,6]],
    "YOLOv3::layers.6.layers.7.1.conv.weight":[[8,7]],
    "YOLOv3::layers.6.layers.7.1.conv.bias":[[8,6]],
    "YOLOv3::layers.7.conv.weight":[[8,10]],
    "YOLOv3::layers.7.conv.bias":[[8,5]],
    "YOLOv3::layers.8.layers.0.0.conv.weight":[[8,8]],
    "YOLOv3::layers.8.layers.0.0.conv.bias":[[8,7]],
    "YOLOv3::layers.8.layers.0.1.conv.weight":[[8,9]],
    "YOLOv3::layers.8.layers.0.1.conv.bias":[[8,7]],
    "YOLOv3::layers.8.layers.1.0.conv.weight":[[8,9]],
    "YOLOv3::layers.8.layers.1.0.conv.bias":[[8,7]],
    "YOLOv3::layers.8.layers.1.1.conv.weight":[[8,9]],
    "YOLOv3::layers.8.layers.1.1.conv.bias":[[8,7]],
    "YOLOv3::layers.8.layers.2.0.conv.weight":[[8,9]],
    "YOLOv3::layers.8.layers.2.0.conv.bias":[[8,7]],
    "YOLOv3::layers.8.layers.2.1.conv.weight":[[8,9]],
    "YOLOv3::layers.8.layers.2.1.conv.bias":[[8,7]],
    "YOLOv3::layers.8.layers.3.0.conv.weight":[[8,9]],
    "YOLOv3::layers.8.layers.3.0.conv.bias":[[8,7]],
    "YOLOv3::layers.8.layers.3.1.conv.weight":[[8,8]],
    "YOLOv3::layers.8.layers.3.1.conv.bias":[[8,8]],
    "YOLOv3::layers.8.layers.4.0.conv.weight":[[8,9]],
    "YOLOv3::layers.8.layers.4.0.conv.bias":[[8,7]],
    "YOLOv3::layers.8.layers.4.1.conv.weight":[[8,8]],
    "YOLOv3::layers.8.layers.4.1.conv.bias":[[8,8]],
    "YOLOv3::layers.8.layers.5.0.conv.weight":[[8,8]],
    "YOLOv3::layers.8.layers.5.0.conv.bias":[[8,7]],
    "YOLOv3::layers.8.layers.5.1.conv.weight":[[8,7]],
    "YOLOv3::layers.8.layers.5.1.conv.bias":[[8,8]],
    "YOLOv3::layers.8.layers.6.0.conv.weight":[[8,9]],
    "YOLOv3::layers.8.layers.6.0.conv.bias":[[8,6]],
    "YOLOv3::layers.8.layers.6.1.conv.weight":[[8,7]],
    "YOLOv3::layers.8.layers.6.1.conv.bias":[[8,8]],
    "YOLOv3::layers.8.layers.7.0.conv.weight":[[8,9]],
    "YOLOv3::layers.8.layers.7.0.conv.bias":[[8,8]],
    "YOLOv3::layers.8.layers.7.1.conv.weight":[[8,6]],
    "YOLOv3::layers.8.layers.7.1.conv.bias":[[8,7]],
    "YOLOv3::layers.9.conv.weight":[[8,10]],
    "YOLOv3::layers.9.conv.bias":[[8,7]],
    "YOLOv3::layers.10.layers.0.0.conv.weight":[[8,7]],
    "YOLOv3::layers.10.layers.0.0.conv.bias":[[8,7]],
    "YOLOv3::layers.10.layers.0.1.conv.weight":[[8,8]],
    "YOLOv3::layers.10.layers.0.1.conv.bias":[[8,7]],
    "YOLOv3::layers.10.layers.1.0.conv.weight":[[8,7]],
    "YOLOv3::layers.10.layers.1.0.conv.bias":[[8,7]],
    "YOLOv3::layers.10.layers.1.1.conv.weight":[[8,8]],
    "YOLOv3::layers.10.layers.1.1.conv.bias":[[8,6]],
    "YOLOv3::layers.10.layers.2.0.conv.weight":[[8,8]],
    "YOLOv3::layers.10.layers.2.0.conv.bias":[[8,8]],
    "YOLOv3::layers.10.layers.2.1.conv.weight":[[8,7]],
    "YOLOv3::layers.10.layers.2.1.conv.bias":[[8,8]],
    "YOLOv3::layers.10.layers.3.0.conv.weight":[[8,12]],
    "YOLOv3::layers.10.layers.3.0.conv.bias":[[8,11]],
    "YOLOv3::layers.10.layers.3.1.conv.weight":[[8,5]],
    "YOLOv3::layers.10.layers.3.1.conv.bias":[[8,10]],
    "YOLOv3::layers.11.conv.weight":[[8,8]],
    "YOLOv3::layers.11.conv.bias":[[8,7]],
    "YOLOv3::layers.12.conv.weight":[[8,9]],
    "YOLOv3::layers.12.conv.bias":[[8,7]],
    "YOLOv3::layers.13.layers.0.0.conv.weight":[[8,6]],
    "YOLOv3::layers.13.layers.0.0.conv.bias":[[8,7]],
    "YOLOv3::layers.13.layers.0.1.conv.weight":[[8,8]],
    "YOLOv3::layers.13.layers.0.1.conv.bias":[[8,6]],
    "YOLOv3::layers.14.conv.weight":[[8,7]],
    "YOLOv3::layers.14.conv.bias":[[8,6]],
    "YOLOv3::layers.15.common.conv.weight":[[8,8]],
    "YOLOv3::layers.15.common.conv.bias":[[8,6]],
    "YOLOv3::layers.15.anchor1_pred.conv.weight":[[8,6]],
    "YOLOv3::layers.15.anchor1_pred.conv.bias":[[8,7]],
    "YOLOv3::layers.15.anchor2_pred.conv.weight":[[8,6]],
    "YOLOv3::layers.15.anchor2_pred.conv.bias":[[8,7]],
    "YOLOv3::layers.15.anchor3_pred.conv.weight":[[8,6]],
    "YOLOv3::layers.15.anchor3_pred.conv.bias":[[8,7]],
    "YOLOv3::layers.16.conv.weight":[[8,7]],
    "YOLOv3::layers.16.conv.bias":[[8,6]],
    "YOLOv3::layers.18.conv.weight":[[8,8]],
    "YOLOv3::layers.18.conv.bias":[[8,7]],
    "YOLOv3::layers.19.conv.weight":[[8,10]],
    "YOLOv3::layers.19.conv.bias":[[8,7]],
    "YOLOv3::layers.20.layers.0.0.conv.weight":[[8,7]],
    "YOLOv3::layers.20.layers.0.0.conv.bias":[[8,7]],
    "YOLOv3::layers.20.layers.0.1.conv.weight":[[8,9]],
    "YOLOv3::layers.20.layers.0.1.conv.bias":[[8,7]],
    "YOLOv3::layers.21.conv.weight":[[8,6]],
    "YOLOv3::layers.21.conv.bias":[[8,6]],
    "YOLOv3::layers.22.common.conv.weight":[[8,7]],
    "YOLOv3::layers.22.common.conv.bias":[[8,5]],
    "YOLOv3::layers.22.anchor1_pred.conv.weight":[[8,6]],
    "YOLOv3::layers.22.anchor1_pred.conv.bias":[[8,8]],
    "YOLOv3::layers.22.anchor2_pred.conv.weight":[[8,6]],
    "YOLOv3::layers.22.anchor2_pred.conv.bias":[[8,8]],
    "YOLOv3::layers.22.anchor3_pred.conv.weight":[[8,6]],
    "YOLOv3::layers.22.anchor3_pred.conv.bias":[[8,8]],
    "YOLOv3::layers.23.conv.weight":[[8,7]],
    "YOLOv3::layers.23.conv.bias":[[8,6]],
    "YOLOv3::layers.25.conv.weight":[[8,9]],
    "YOLOv3::layers.25.conv.bias":[[8,7]],
    "YOLOv3::layers.26.conv.weight":[[8,10]],
    "YOLOv3::layers.26.conv.bias":[[8,7]],
    "YOLOv3::layers.27.layers.0.0.conv.weight":[[8,7]],
    "YOLOv3::layers.27.layers.0.0.conv.bias":[[8,8]],
    "YOLOv3::layers.27.layers.0.1.conv.weight":[[8,9]],
    "YOLOv3::layers.27.layers.0.1.conv.bias":[[8,7]],
    "YOLOv3::layers.28.conv.weight":[[8,7]],
    "YOLOv3::layers.28.conv.bias":[[8,6]],
    "YOLOv3::layers.29.common.conv.weight":[[8,7]],
    "YOLOv3::layers.29.common.conv.bias":[[8,5]],
    "YOLOv3::layers.29.anchor1_pred.conv.weight":[[8,6]],
    "YOLOv3::layers.29.anchor1_pred.conv.bias":[[8,9]],
    "YOLOv3::layers.29.anchor2_pred.conv.weight":[[8,6]],
    "YOLOv3::layers.29.anchor2_pred.conv.bias":[[8,9]],
    "YOLOv3::layers.29.anchor3_pred.conv.weight":[[8,6]],
    "YOLOv3::layers.29.anchor3_pred.conv.bias":[[8,8]]
  },
  "output":
  {
    "YOLOv3::nndct_input_0":[[8,6]],
    "YOLOv3::nndct_leaky_relu_2":[[8,3]],
    "YOLOv3::nndct_leaky_relu_4":[[8,4]],
    "YOLOv3::nndct_leaky_relu_6":[[8,4]],
    "YOLOv3::nndct_leaky_relu_8":[[8,5]],
    "YOLOv3::nndct_elemwise_add_9":[[8,4]],
    "YOLOv3::nndct_leaky_relu_11":[[8,5]],
    "YOLOv3::nndct_leaky_relu_13":[[8,5]],
    "YOLOv3::nndct_leaky_relu_15":[[8,5]],
    "YOLOv3::nndct_elemwise_add_16":[[8,5]],
    "YOLOv3::nndct_leaky_relu_18":[[8,5]],
    "YOLOv3::nndct_leaky_relu_20":[[8,5]],
    "YOLOv3::nndct_elemwise_add_21":[[8,5]],
    "YOLOv3::nndct_leaky_relu_23":[[8,5]],
    "YOLOv3::nndct_leaky_relu_25":[[8,5]],
    "YOLOv3::nndct_leaky_relu_27":[[8,6]],
    "YOLOv3::nndct_elemwise_add_28":[[8,5]],
    "YOLOv3::nndct_leaky_relu_30":[[8,5]],
    "YOLOv3::nndct_leaky_relu_32":[[8,6]],
    "YOLOv3::nndct_elemwise_add_33":[[8,5]],
    "YOLOv3::nndct_leaky_relu_35":[[8,5]],
    "YOLOv3::nndct_leaky_relu_37":[[8,6]],
    "YOLOv3::nndct_elemwise_add_38":[[8,5]],
    "YOLOv3::nndct_leaky_relu_40":[[8,6]],
    "YOLOv3::nndct_leaky_relu_42":[[8,6]],
    "YOLOv3::nndct_elemwise_add_43":[[8,5]],
    "YOLOv3::nndct_leaky_relu_45":[[8,5]],
    "YOLOv3::nndct_leaky_relu_47":[[8,6]],
    "YOLOv3::nndct_elemwise_add_48":[[8,5]],
    "YOLOv3::nndct_leaky_relu_50":[[8,5]],
    "YOLOv3::nndct_leaky_relu_52":[[8,6]],
    "YOLOv3::nndct_elemwise_add_53":[[8,5]],
    "YOLOv3::nndct_leaky_relu_55":[[8,5]],
    "YOLOv3::nndct_leaky_relu_57":[[8,6]],
    "YOLOv3::nndct_elemwise_add_58":[[8,5]],
    "YOLOv3::nndct_leaky_relu_60":[[8,6]],
    "YOLOv3::nndct_leaky_relu_62":[[8,5]],
    "YOLOv3::nndct_elemwise_add_63":[[8,5]],
    "YOLOv3::nndct_leaky_relu_65":[[8,5]],
    "YOLOv3::nndct_leaky_relu_67":[[8,5]],
    "YOLOv3::nndct_leaky_relu_69":[[8,6]],
    "YOLOv3::nndct_elemwise_add_70":[[8,5]],
    "YOLOv3::nndct_leaky_relu_72":[[8,6]],
    "YOLOv3::nndct_leaky_relu_74":[[8,7]],
    "YOLOv3::nndct_elemwise_add_75":[[8,5]],
    "YOLOv3::nndct_leaky_relu_77":[[8,6]],
    "YOLOv3::nndct_leaky_relu_79":[[8,7]],
    "YOLOv3::nndct_elemwise_add_80":[[8,5]],
    "YOLOv3::nndct_leaky_relu_82":[[8,6]],
    "YOLOv3::nndct_leaky_relu_84":[[8,6]],
    "YOLOv3::nndct_elemwise_add_85":[[8,5]],
    "YOLOv3::nndct_leaky_relu_87":[[8,6]],
    "YOLOv3::nndct_leaky_relu_89":[[8,7]],
    "YOLOv3::nndct_elemwise_add_90":[[8,5]],
    "YOLOv3::nndct_leaky_relu_92":[[8,6]],
    "YOLOv3::nndct_leaky_relu_94":[[8,6]],
    "YOLOv3::nndct_elemwise_add_95":[[8,5]],
    "YOLOv3::nndct_leaky_relu_97":[[8,6]],
    "YOLOv3::nndct_leaky_relu_99":[[8,7]],
    "YOLOv3::nndct_elemwise_add_100":[[8,5]],
    "YOLOv3::nndct_leaky_relu_102":[[8,6]],
    "YOLOv3::nndct_leaky_relu_104":[[8,5]],
    "YOLOv3::nndct_elemwise_add_105":[[8,5]],
    "YOLOv3::nndct_leaky_relu_107":[[8,6]],
    "YOLOv3::nndct_leaky_relu_109":[[8,5]],
    "YOLOv3::nndct_leaky_relu_111":[[8,6]],
    "YOLOv3::nndct_elemwise_add_112":[[8,6]],
    "YOLOv3::nndct_leaky_relu_114":[[8,6]],
    "YOLOv3::nndct_leaky_relu_116":[[8,6]],
    "YOLOv3::nndct_elemwise_add_117":[[8,6]],
    "YOLOv3::nndct_leaky_relu_119":[[8,6]],
    "YOLOv3::nndct_leaky_relu_121":[[8,7]],
    "YOLOv3::nndct_elemwise_add_122":[[8,6]],
    "YOLOv3::nndct_leaky_relu_124":[[8,11]],
    "YOLOv3::nndct_leaky_relu_126":[[8,9]],
    "YOLOv3::nndct_elemwise_add_127":[[8,6]],
    "YOLOv3::nndct_leaky_relu_129":[[8,6]],
    "YOLOv3::nndct_leaky_relu_131":[[8,6]],
    "YOLOv3::nndct_leaky_relu_133":[[8,5]],
    "YOLOv3::nndct_leaky_relu_135":[[8,6]],
    "YOLOv3::nndct_leaky_relu_137":[[8,5]],
    "YOLOv3::nndct_leaky_relu_139":[[8,5]],
    "YOLOv3::nndct_conv2d_140":[[8,2]],
    "YOLOv3::nndct_conv2d_141":[[8,2]],
    "YOLOv3::nndct_conv2d_142":[[8,2]],
    "YOLOv3::nndct_leaky_relu_144":[[8,6]],
    "YOLOv3::nndct_concat_146":[[8,5]],
    "YOLOv3::nndct_leaky_relu_148":[[8,6]],
    "YOLOv3::nndct_leaky_relu_150":[[8,6]],
    "YOLOv3::nndct_leaky_relu_152":[[8,6]],
    "YOLOv3::nndct_leaky_relu_154":[[8,5]],
    "YOLOv3::nndct_leaky_relu_156":[[8,5]],
    "YOLOv3::nndct_leaky_relu_158":[[8,5]],
    "YOLOv3::nndct_conv2d_159":[[8,3]],
    "YOLOv3::nndct_conv2d_160":[[8,2]],
    "YOLOv3::nndct_conv2d_161":[[8,3]],
    "YOLOv3::nndct_leaky_relu_163":[[8,5]],
    "YOLOv3::nndct_concat_165":[[8,5]],
    "YOLOv3::nndct_leaky_relu_167":[[8,6]],
    "YOLOv3::nndct_leaky_relu_169":[[8,6]],
    "YOLOv3::nndct_leaky_relu_171":[[8,6]],
    "YOLOv3::nndct_leaky_relu_173":[[8,6]],
    "YOLOv3::nndct_leaky_relu_175":[[8,6]],
    "YOLOv3::nndct_leaky_relu_177":[[8,4]],
    "YOLOv3::nndct_conv2d_178":[[8,2]],
    "YOLOv3::nndct_conv2d_179":[[8,2]],
    "YOLOv3::nndct_conv2d_180":[[8,3]]
  },
  "input":
  {

  },
  "fast_finetuned":false,
  "bias_corrected":true,
  "version":"3.5.0+60df3f1+torch1.13.1+cu117",
  "graph_md5":"3e53ce1ea7605ed05b01bc986b810ed4"
}